Meta Data,Technical Analysis: EMA
INFY,
Exponential Moving Average (EMA),
2025-09-08,
weekly,
10,
open,
US/Eastern,
,{'EMA': '17.0963'}
,{'EMA': '17.2044'}
,{'EMA': '17.3009'}
,{'EMA': '17.2723'}
,{'EMA': '17.4750'}
,{'EMA': '17.8050'}
,{'EMA': '18.0839'}
,{'EMA': '18.2536'}
,{'EMA': '18.2677'}
,{'EMA': '18.3250'}
,{'EMA': '18.2061'}
,{'EMA': '18.1297'}
,{'EMA': '18.1896'}
,{'EMA': '18.0696'}
,{'EMA': '18.0339'}
,{'EMA': '18.0259'}
,{'EMA': '18.0238'}
,{'EMA': '18.0628'}
,{'EMA': '17.9440'}
,{'EMA': '18.0223'}
,{'EMA': '18.2232'}
,{'EMA': '18.5783'}
,{'EMA': '18.9444'}
,{'EMA': '19.5583'}
,{'EMA': '19.9603'}
,{'EMA': '20.3136'}
,{'EMA': '20.7541'}
,{'EMA': '21.0383'}
,{'EMA': '21.3167'}
,{'EMA': '21.5265'}
,{'EMA': '21.6055'}
,{'EMA': '21.6297'}
,{'EMA': '21.7075'}
,{'EMA': '21.8793'}
,{'EMA': '22.1178'}
,{'EMA': '22.0980'}
,{'EMA': '22.0608'}
,{'EMA': '22.0942'}
,{'EMA': '22.0232'}
,{'EMA': '21.8006'}
,{'EMA': '21.6030'}
,{'EMA': '21.5587'}
,{'EMA': '21.4235'}
,{'EMA': '21.5103'}
,{'EMA': '21.4958'}
,{'EMA': '21.7235'}
,{'EMA': '21.7390'}
,{'EMA': '21.8057'}
,{'EMA': '21.6076'}
,{'EMA': '21.4847'}
,{'EMA': '21.4320'}
,{'EMA': '21.2723'}
,{'EMA': '20.9731'}
,{'EMA': '20.7027'}
,{'EMA': '20.2812'}
,{'EMA': '19.9546'}
,{'EMA': '19.6030'}
,{'EMA': '19.3423'}
,{'EMA': '19.1905'}
,{'EMA': '18.5521'}
,{'EMA': '17.9777'}
,{'EMA': '17.6028'}
,{'EMA': '17.2660'}
,{'EMA': '17.0124'}
,{'EMA': '16.8953'}
,{'EMA': '16.7998'}
,{'EMA': '16.6961'}
,{'EMA': '16.7514'}
,{'EMA': '16.7972'}
,{'EMA': '16.8850'}
,{'EMA': '17.0390'}
,{'EMA': '17.2145'}
,{'EMA': '17.4397'}
,{'EMA': '17.6936'}
,{'EMA': '17.8680'}
,{'EMA': '18.0706'}
,{'EMA': '18.2863'}
,{'EMA': '18.5712'}
,{'EMA': '18.6220'}
,{'EMA': '18.6799'}
,{'EMA': '18.6594'}
,{'EMA': '18.5726'}
,{'EMA': '18.3922'}
,{'EMA': '18.2121'}
,{'EMA': '17.9432'}
,{'EMA': '17.6505'}
,{'EMA': '17.3396'}
,{'EMA': '17.0742'}
,{'EMA': '17.0239'}
,{'EMA': '16.9327'}
,{'EMA': '16.7363'}
,{'EMA': '16.4856'}
,{'EMA': '16.3661'}
,{'EMA': '16.2136'}
,{'EMA': '16.1335'}
,{'EMA': '16.0207'}
,{'EMA': '16.0868'}
,{'EMA': '16.0932'}
,{'EMA': '16.1647'}
,{'EMA': '16.2421'}
,{'EMA': '16.2928'}
,{'EMA': '16.2267'}
,{'EMA': '16.2613'}
,{'EMA': '16.1924'}
,{'EMA': '16.0684'}
,{'EMA': '15.8980'}
,{'EMA': '15.6939'}
,{'EMA': '15.5619'}
,{'EMA': '15.4739'}
,{'EMA': '15.3894'}
,{'EMA': '15.2694'}
,{'EMA': '15.1773'}
,{'EMA': '15.1318'}
,{'EMA': '14.9188'}
,{'EMA': '14.8704'}
,{'EMA': '14.7798'}
,{'EMA': '14.8536'}
,{'EMA': '14.8389'}
,{'EMA': '14.8576'}
,{'EMA': '14.8731'}
,{'EMA': '14.8903'}
,{'EMA': '14.9940'}
,{'EMA': '15.1953'}
,{'EMA': '15.3958'}
,{'EMA': '15.6098'}
,{'EMA': '16.0121'}
,{'EMA': '16.4520'}
,{'EMA': '16.5158'}
,{'EMA': '16.6249'}
,{'EMA': '16.8223'}
,{'EMA': '17.0637'}
,{'EMA': '17.2862'}
,{'EMA': '17.3326'}
,{'EMA': '17.4204'}
,{'EMA': '17.3994'}
,{'EMA': '17.3572'}
,{'EMA': '17.3014'}
,{'EMA': '17.2726'}
,{'EMA': '17.1981'}
,{'EMA': '17.1670'}
,{'EMA': '17.2387'}
,{'EMA': '17.3077'}
,{'EMA': '17.4272'}
,{'EMA': '17.6042'}
,{'EMA': '17.6903'}
,{'EMA': '17.4748'}
,{'EMA': '17.2403'}
,{'EMA': '17.0862'}
,{'EMA': '16.8233'}
,{'EMA': '16.7855'}
,{'EMA': '16.6544'}
,{'EMA': '16.6115'}
,{'EMA': '16.5938'}
,{'EMA': '16.6869'}
,{'EMA': '16.9419'}
,{'EMA': '17.2821'}
,{'EMA': '17.5589'}
,{'EMA': '17.5245'}
,{'EMA': '17.7057'}
,{'EMA': '17.8800'}
,{'EMA': '17.8659'}
,{'EMA': '17.7380'}
,{'EMA': '17.5224'}
,{'EMA': '17.4534'}
,{'EMA': '17.5041'}
,{'EMA': '17.5906'}
,{'EMA': '17.7128'}
,{'EMA': '17.8600'}
,{'EMA': '17.9888'}
,{'EMA': '18.1954'}
,{'EMA': '18.5747'}
,{'EMA': '18.7068'}
,{'EMA': '18.9665'}
,{'EMA': '19.3759'}
,{'EMA': '19.8074'}
,{'EMA': '20.1506'}
,{'EMA': '20.6024'}
,{'EMA': '21.0958'}
,{'EMA': '21.6241'}
,{'EMA': '21.7168'}
,{'EMA': '21.5688'}
,{'EMA': '21.3536'}
,{'EMA': '21.1573'}
,{'EMA': '20.9053'}
,{'EMA': '21.0388'}
,{'EMA': '21.1351'}
,{'EMA': '21.2488'}
,{'EMA': '21.5163'}
,{'EMA': '21.7046'}
,{'EMA': '21.8557'}
,{'EMA': '22.0788'}
,{'EMA': '21.7784'}
,{'EMA': '21.6239'}
,{'EMA': '21.2873'}
,{'EMA': '20.9832'}
,{'EMA': '20.8200'}
,{'EMA': '20.7806'}
,{'EMA': '20.8702'}
,{'EMA': '20.9594'}
,{'EMA': '20.8660'}
,{'EMA': '20.6829'}
,{'EMA': '20.5786'}
,{'EMA': '20.5868'}
,{'EMA': '20.5703'}
,{'EMA': '20.4076'}
,{'EMA': '20.5199'}
,{'EMA': '20.6049'}
,{'EMA': '20.5201'}
,{'EMA': '20.5129'}
,{'EMA': '20.4398'}
,{'EMA': '20.1678'}
,{'EMA': '19.8875'}
,{'EMA': '19.4948'}
,{'EMA': '19.0991'}
,{'EMA': '18.7720'}
,{'EMA': '18.4687'}
,{'EMA': '18.1963'}
,{'EMA': '18.1002'}
,{'EMA': '17.8965'}
,{'EMA': '17.6515'}
,{'EMA': '17.2839'}
,{'EMA': '17.0333'}
,{'EMA': '16.7310'}
,{'EMA': '16.5764'}
,{'EMA': '16.4114'}
,{'EMA': '16.3537'}
,{'EMA': '16.3755'}
,{'EMA': '16.3783'}
,{'EMA': '16.3916'}
,{'EMA': '16.4616'}
,{'EMA': '16.5133'}
,{'EMA': '16.3818'}
,{'EMA': '16.1953'}
,{'EMA': '16.0786'}
,{'EMA': '15.8843'}
,{'EMA': '15.6567'}
,{'EMA': '15.5018'}
,{'EMA': '15.4852'}
,{'EMA': '15.4432'}
,{'EMA': '15.3322'}
,{'EMA': '15.1648'}
,{'EMA': '15.1191'}
,{'EMA': '14.8725'}
,{'EMA': '14.5851'}
,{'EMA': '14.1145'}
,{'EMA': '13.7956'}
,{'EMA': '13.5371'}
,{'EMA': '13.3841'}
,{'EMA': '13.2447'}
,{'EMA': '13.0803'}
,{'EMA': '13.0244'}
,{'EMA': '12.8786'}
,{'EMA': '12.7024'}
,{'EMA': '12.4751'}
,{'EMA': '12.3941'}
,{'EMA': '12.1639'}
,{'EMA': '11.8454'}
,{'EMA': '11.4602'}
,{'EMA': '11.2213'}
,{'EMA': '11.0277'}
,{'EMA': '10.8224'}
,{'EMA': '10.6364'}
,{'EMA': '10.5427'}
,{'EMA': '10.3988'}
,{'EMA': '10.2012'}
,{'EMA': '9.9539'}
,{'EMA': '9.6830'}
,{'EMA': '9.3205'}
,{'EMA': '8.8990'}
,{'EMA': '8.4153'}
,{'EMA': '8.2232'}
,{'EMA': '8.0533'}
,{'EMA': '7.9754'}
,{'EMA': '7.9392'}
,{'EMA': '7.9460'}
,{'EMA': '7.8501'}
,{'EMA': '7.7938'}
,{'EMA': '7.7479'}
,{'EMA': '7.7498'}
,{'EMA': '7.6999'}
,{'EMA': '7.6679'}
,{'EMA': '7.6502'}
,{'EMA': '7.7080'}
,{'EMA': '7.7729'}
,{'EMA': '7.9762'}
,{'EMA': '8.1182'}
,{'EMA': '8.5805'}
,{'EMA': '9.0622'}
,{'EMA': '9.2903'}
,{'EMA': '9.3908'}
,{'EMA': '9.3235'}
,{'EMA': '9.2336'}
,{'EMA': '9.1818'}
,{'EMA': '9.1128'}
,{'EMA': '9.0380'}
,{'EMA': '8.9583'}
,{'EMA': '8.8260'}
,{'EMA': '8.8058'}
,{'EMA': '8.7734'}
,{'EMA': '8.7279'}
,{'EMA': '8.7131'}
,{'EMA': '8.7143'}
,{'EMA': '8.7663'}
,{'EMA': '8.8317'}
,{'EMA': '8.8825'}
,{'EMA': '8.9660'}
,{'EMA': '9.0526'}
,{'EMA': '9.2825'}
,{'EMA': '9.6334'}
,{'EMA': '9.6812'}
,{'EMA': '9.6956'}
,{'EMA': '9.6806'}
,{'EMA': '9.7294'}
,{'EMA': '9.6722'}
,{'EMA': '9.5678'}
,{'EMA': '9.5130'}
,{'EMA': '9.4804'}
,{'EMA': '9.4694'}
,{'EMA': '9.4559'}
,{'EMA': '9.4528'}
,{'EMA': '9.3418'}
,{'EMA': '9.2252'}
,{'EMA': '9.0732'}
,{'EMA': '9.0597'}
,{'EMA': '9.0241'}
,{'EMA': '8.9767'}
,{'EMA': '8.9572'}
,{'EMA': '8.9160'}
,{'EMA': '8.9035'}
,{'EMA': '8.9184'}
,{'EMA': '8.9536'}
,{'EMA': '9.0231'}
,{'EMA': '9.0816'}
,{'EMA': '9.0813'}
,{'EMA': '9.1282'}
,{'EMA': '9.1534'}
,{'EMA': '9.0577'}
,{'EMA': '8.9804'}
,{'EMA': '8.9255'}
,{'EMA': '8.8887'}
,{'EMA': '8.8852'}
,{'EMA': '8.8110'}
,{'EMA': '8.7242'}
,{'EMA': '8.6860'}
,{'EMA': '8.5658'}
,{'EMA': '8.4244'}
,{'EMA': '8.3159'}
,{'EMA': '8.1658'}
,{'EMA': '8.0688'}
,{'EMA': '8.0404'}
,{'EMA': '8.0488'}
,{'EMA': '8.1116'}
,{'EMA': '8.0702'}
,{'EMA': '8.0702'}
,{'EMA': '8.0026'}
,{'EMA': '8.0778'}
,{'EMA': '8.1208'}
,{'EMA': '8.1565'}
,{'EMA': '8.2245'}
,{'EMA': '8.3471'}
,{'EMA': '8.4234'}
,{'EMA': '8.4647'}
,{'EMA': '8.4928'}
,{'EMA': '8.4584'}
,{'EMA': '8.4722'}
,{'EMA': '8.4574'}
,{'EMA': '8.4077'}
,{'EMA': '8.3376'}
,{'EMA': '8.2716'}
,{'EMA': '8.2048'}
,{'EMA': '8.0887'}
,{'EMA': '7.9878'}
,{'EMA': '7.8858'}
,{'EMA': '7.7751'}
,{'EMA': '7.6695'}
,{'EMA': '7.5841'}
,{'EMA': '7.4677'}
,{'EMA': '7.3932'}
,{'EMA': '7.3170'}
,{'EMA': '7.2459'}
,{'EMA': '7.1915'}
,{'EMA': '7.1540'}
,{'EMA': '7.1690'}
,{'EMA': '7.1655'}
,{'EMA': '7.1739'}
,{'EMA': '7.1543'}
,{'EMA': '7.1484'}
,{'EMA': '7.1838'}
,{'EMA': '7.1954'}
,{'EMA': '7.1824'}
,{'EMA': '7.1656'}
,{'EMA': '7.1342'}
,{'EMA': '7.0659'}
,{'EMA': '7.0376'}
,{'EMA': '6.9859'}
,{'EMA': '6.9526'}
,{'EMA': '6.9319'}
,{'EMA': '6.8721'}
,{'EMA': '6.7165'}
,{'EMA': '6.5717'}
,{'EMA': '6.4237'}
,{'EMA': '6.3670'}
,{'EMA': '6.3076'}
,{'EMA': '6.2477'}
,{'EMA': '6.1799'}
,{'EMA': '6.1288'}
,{'EMA': '6.0772'}
,{'EMA': '6.0151'}
,{'EMA': '5.9808'}
,{'EMA': '5.9597'}
,{'EMA': '5.9548'}
,{'EMA': '5.9522'}
,{'EMA': '5.9607'}
,{'EMA': '5.9603'}
,{'EMA': '5.9732'}
,{'EMA': '5.9962'}
,{'EMA': '6.0305'}
,{'EMA': '6.0465'}
,{'EMA': '6.0911'}
,{'EMA': '6.1251'}
,{'EMA': '6.1120'}
,{'EMA': '6.2141'}
,{'EMA': '6.2057'}
,{'EMA': '6.1927'}
,{'EMA': '6.1473'}
,{'EMA': '6.1079'}
,{'EMA': '6.0598'}
,{'EMA': '6.0233'}
,{'EMA': '6.0037'}
,{'EMA': '6.0049'}
,{'EMA': '6.0259'}
,{'EMA': '6.0078'}
,{'EMA': '5.9893'}
,{'EMA': '5.9507'}
,{'EMA': '5.9361'}
,{'EMA': '5.9166'}
,{'EMA': '5.9218'}
,{'EMA': '5.9546'}
,{'EMA': '5.9929'}
,{'EMA': '6.0442'}
,{'EMA': '6.0680'}
,{'EMA': '6.0293'}
,{'EMA': '5.9802'}
,{'EMA': '5.9422'}
,{'EMA': '5.8843'}
,{'EMA': '5.8426'}
,{'EMA': '5.7970'}
,{'EMA': '5.7545'}
,{'EMA': '5.7343'}
,{'EMA': '5.7845'}
,{'EMA': '5.8318'}
,{'EMA': '5.8622'}
,{'EMA': '5.8915'}
,{'EMA': '5.9035'}
,{'EMA': '5.9120'}
,{'EMA': '5.9215'}
,{'EMA': '5.9216'}
,{'EMA': '5.9429'}
,{'EMA': '5.9972'}
,{'EMA': '6.0247'}
,{'EMA': '6.1386'}
,{'EMA': '6.2381'}
,{'EMA': '6.2777'}
,{'EMA': '6.3226'}
,{'EMA': '6.3263'}
,{'EMA': '6.3610'}
,{'EMA': '6.3964'}
,{'EMA': '6.4344'}
,{'EMA': '6.4774'}
,{'EMA': '6.4976'}
,{'EMA': '6.5197'}
,{'EMA': '6.5422'}
,{'EMA': '6.6074'}
,{'EMA': '6.7028'}
,{'EMA': '6.8046'}
,{'EMA': '6.8940'}
,{'EMA': '6.9753'}
,{'EMA': '7.0695'}
,{'EMA': '7.1758'}
,{'EMA': '7.2026'}
,{'EMA': '7.2467'}
,{'EMA': '7.3024'}
,{'EMA': '7.3076'}
,{'EMA': '7.3463'}
,{'EMA': '7.2782'}
,{'EMA': '7.2148'}
,{'EMA': '7.2292'}
,{'EMA': '7.2095'}
,{'EMA': '7.2062'}
,{'EMA': '7.1909'}
,{'EMA': '7.1428'}
,{'EMA': '7.0381'}
,{'EMA': '7.0219'}
,{'EMA': '6.8955'}
,{'EMA': '6.8043'}
,{'EMA': '6.7118'}
,{'EMA': '6.6577'}
,{'EMA': '6.5577'}
,{'EMA': '6.5870'}
,{'EMA': '6.6029'}
,{'EMA': '6.6794'}
,{'EMA': '6.6925'}
,{'EMA': '6.6323'}
,{'EMA': '6.5613'}
,{'EMA': '6.5100'}
,{'EMA': '6.5564'}
,{'EMA': '6.5888'}
,{'EMA': '6.5947'}
,{'EMA': '6.6115'}
,{'EMA': '6.6579'}
,{'EMA': '6.7354'}
,{'EMA': '6.7921'}
,{'EMA': '6.8951'}
,{'EMA': '6.9552'}
,{'EMA': '6.9595'}
,{'EMA': '6.9413'}
,{'EMA': '6.8836'}
,{'EMA': '6.8555'}
,{'EMA': '6.7745'}
,{'EMA': '6.6438'}
,{'EMA': '6.5923'}
,{'EMA': '6.5379'}
,{'EMA': '6.4705'}
,{'EMA': '6.4491'}
,{'EMA': '6.4041'}
,{'EMA': '6.4487'}
,{'EMA': '6.3444'}
,{'EMA': '6.2598'}
,{'EMA': '6.1908'}
,{'EMA': '6.1253'}
,{'EMA': '6.1251'}
,{'EMA': '6.1567'}
,{'EMA': '6.1627'}
,{'EMA': '6.1657'}
,{'EMA': '6.1453'}
,{'EMA': '6.1887'}
,{'EMA': '6.2289'}
,{'EMA': '6.2594'}
,{'EMA': '6.3220'}
,{'EMA': '6.4037'}
,{'EMA': '6.4891'}
,{'EMA': '6.5867'}
,{'EMA': '6.7141'}
,{'EMA': '6.7461'}
,{'EMA': '6.7166'}
,{'EMA': '6.7386'}
,{'EMA': '6.7215'}
,{'EMA': '6.7031'}
,{'EMA': '6.6785'}
,{'EMA': '6.6911'}
,{'EMA': '6.6240'}
,{'EMA': '6.5560'}
,{'EMA': '6.4750'}
,{'EMA': '6.3959'}
,{'EMA': '6.3483'}
,{'EMA': '6.2579'}
,{'EMA': '6.1814'}
,{'EMA': '6.1149'}
,{'EMA': '6.1328'}
,{'EMA': '6.1478'}
,{'EMA': '6.1615'}
,{'EMA': '6.2190'}
,{'EMA': '6.2341'}
,{'EMA': '6.1438'}
,{'EMA': '6.0565'}
,{'EMA': '5.9628'}
,{'EMA': '5.8511'}
,{'EMA': '5.7392'}
,{'EMA': '5.7026'}
,{'EMA': '5.6665'}
,{'EMA': '5.5795'}
,{'EMA': '5.5492'}
,{'EMA': '5.5197'}
,{'EMA': '5.4983'}
,{'EMA': '5.4695'}
,{'EMA': '5.3803'}
,{'EMA': '5.3260'}
,{'EMA': '5.2597'}
,{'EMA': '5.2067'}
,{'EMA': '5.1395'}
,{'EMA': '5.0898'}
,{'EMA': '5.0564'}
,{'EMA': '5.0590'}
,{'EMA': '5.0544'}
,{'EMA': '5.0165'}
,{'EMA': '5.0019'}
,{'EMA': '4.9823'}
,{'EMA': '4.9597'}
,{'EMA': '4.9878'}
,{'EMA': '5.0236'}
,{'EMA': '5.0359'}
,{'EMA': '5.0803'}
,{'EMA': '5.0921'}
,{'EMA': '5.1207'}
,{'EMA': '5.1668'}
,{'EMA': '5.2266'}
,{'EMA': '5.2742'}
,{'EMA': '5.3173'}
,{'EMA': '5.3697'}
,{'EMA': '5.4441'}
,{'EMA': '5.5070'}
,{'EMA': '5.4874'}
,{'EMA': '5.4468'}
,{'EMA': '5.3947'}
,{'EMA': '5.3560'}
,{'EMA': '5.3574'}
,{'EMA': '5.3415'}
,{'EMA': '5.2973'}
,{'EMA': '5.2160'}
,{'EMA': '5.1301'}
,{'EMA': '5.0894'}
,{'EMA': '5.0415'}
,{'EMA': '4.9940'}
,{'EMA': '4.9488'}
,{'EMA': '4.9071'}
,{'EMA': '4.8766'}
,{'EMA': '4.8469'}
,{'EMA': '4.7868'}
,{'EMA': '4.7437'}
,{'EMA': '4.7048'}
,{'EMA': '4.6250'}
,{'EMA': '4.5264'}
,{'EMA': '4.4208'}
,{'EMA': '4.3871'}
,{'EMA': '4.3709'}
,{'EMA': '4.3507'}
,{'EMA': '4.3231'}
,{'EMA': '4.3190'}
,{'EMA': '4.3502'}
,{'EMA': '4.3374'}
,{'EMA': '4.3132'}
,{'EMA': '4.2449'}
,{'EMA': '4.1650'}
,{'EMA': '4.0724'}
,{'EMA': '3.9879'}
,{'EMA': '3.9280'}
,{'EMA': '3.9550'}
,{'EMA': '3.9887'}
,{'EMA': '4.0586'}
,{'EMA': '4.0955'}
,{'EMA': '4.1154'}
,{'EMA': '4.1218'}
,{'EMA': '4.1720'}
,{'EMA': '4.2157'}
,{'EMA': '4.2785'}
,{'EMA': '4.3456'}
,{'EMA': '4.4780'}
,{'EMA': '4.6332'}
,{'EMA': '4.7924'}
,{'EMA': '4.8010'}
,{'EMA': '4.7663'}
,{'EMA': '4.7517'}
,{'EMA': '4.7287'}
,{'EMA': '4.6704'}
,{'EMA': '4.6188'}
,{'EMA': '4.5357'}
,{'EMA': '4.4807'}
,{'EMA': '4.4124'}
,{'EMA': '4.3275'}
,{'EMA': '4.2152'}
,{'EMA': '4.0879'}
,{'EMA': '3.9442'}
,{'EMA': '3.9487'}
,{'EMA': '3.9631'}
,{'EMA': '3.9802'}
,{'EMA': '4.0164'}
,{'EMA': '4.0430'}
,{'EMA': '4.0378'}
,{'EMA': '4.0477'}
,{'EMA': '4.0687'}
,{'EMA': '4.1004'}
,{'EMA': '4.1212'}
,{'EMA': '4.1503'}
,{'EMA': '4.1700'}
,{'EMA': '4.1930'}
,{'EMA': '4.1536'}
,{'EMA': '4.0744'}
,{'EMA': '3.9954'}
,{'EMA': '3.9140'}
,{'EMA': '3.8636'}
,{'EMA': '3.8616'}
,{'EMA': '3.8415'}
,{'EMA': '3.8324'}
,{'EMA': '3.8376'}
,{'EMA': '3.8649'}
,{'EMA': '3.9128'}
,{'EMA': '3.9965'}
,{'EMA': '4.0905'}
,{'EMA': '4.1162'}
,{'EMA': '4.1078'}
,{'EMA': '4.1536'}
,{'EMA': '4.1769'}
,{'EMA': '4.2142'}
,{'EMA': '4.2872'}
,{'EMA': '4.3633'}
,{'EMA': '4.4795'}
,{'EMA': '4.6057'}
,{'EMA': '4.7119'}
,{'EMA': '4.8064'}
,{'EMA': '4.9678'}
,{'EMA': '5.1029'}
,{'EMA': '5.1100'}
,{'EMA': '5.1010'}
,{'EMA': '5.0960'}
,{'EMA': '5.0657'}
,{'EMA': '5.0499'}
,{'EMA': '5.0300'}
,{'EMA': '4.9669'}
,{'EMA': '4.8805'}
,{'EMA': '4.8343'}
,{'EMA': '4.7793'}
,{'EMA': '4.7563'}
,{'EMA': '4.7675'}
,{'EMA': '4.7816'}
,{'EMA': '4.7587'}
,{'EMA': '4.7412'}
,{'EMA': '4.7673'}
,{'EMA': '4.8228'}
,{'EMA': '4.8544'}
,{'EMA': '4.8591'}
,{'EMA': '4.9186'}
,{'EMA': '4.9869'}
,{'EMA': '4.9588'}
,{'EMA': '4.8960'}
,{'EMA': '4.7961'}
,{'EMA': '4.7420'}
,{'EMA': '4.6694'}
,{'EMA': '4.6463'}
,{'EMA': '4.6740'}
,{'EMA': '4.7502'}
,{'EMA': '4.8211'}
,{'EMA': '4.9691'}
,{'EMA': '5.0946'}
,{'EMA': '5.2350'}
,{'EMA': '5.4318'}
,{'EMA': '5.5609'}
,{'EMA': '5.7022'}
,{'EMA': '5.7082'}
,{'EMA': '5.7215'}
,{'EMA': '5.7775'}
,{'EMA': '5.7458'}
,{'EMA': '5.6969'}
,{'EMA': '5.7071'}
,{'EMA': '5.7660'}
,{'EMA': '5.7752'}
,{'EMA': '5.8026'}
,{'EMA': '5.8598'}
,{'EMA': '5.9303'}
,{'EMA': '5.9958'}
,{'EMA': '6.0404'}
,{'EMA': '6.0829'}
,{'EMA': '6.1348'}
,{'EMA': '6.2369'}
,{'EMA': '6.1832'}
,{'EMA': '6.1008'}
,{'EMA': '6.0759'}
,{'EMA': '6.1352'}
,{'EMA': '6.1520'}
,{'EMA': '6.1779'}
,{'EMA': '6.2168'}
,{'EMA': '6.2385'}
,{'EMA': '6.2848'}
,{'EMA': '6.3293'}
,{'EMA': '6.4012'}
,{'EMA': '6.4147'}
,{'EMA': '6.3988'}
,{'EMA': '6.3318'}
,{'EMA': '6.2166'}
,{'EMA': '6.1230'}
,{'EMA': '6.0233'}
,{'EMA': '5.9705'}
,{'EMA': '5.9178'}
,{'EMA': '5.9186'}
,{'EMA': '5.9122'}
,{'EMA': '5.9018'}
,{'EMA': '5.8573'}
,{'EMA': '5.8192'}
,{'EMA': '5.7593'}
,{'EMA': '5.6891'}
,{'EMA': '5.6015'}
,{'EMA': '5.4810'}
,{'EMA': '5.4000'}
,{'EMA': '5.3208'}
,{'EMA': '5.2706'}
,{'EMA': '5.2477'}
,{'EMA': '5.2881'}
,{'EMA': '5.2927'}
,{'EMA': '5.3341'}
,{'EMA': '5.3073'}
,{'EMA': '5.2834'}
,{'EMA': '5.2784'}
,{'EMA': '5.3064'}
,{'EMA': '5.2651'}
,{'EMA': '5.2654'}
,{'EMA': '5.2212'}
,{'EMA': '5.1323'}
,{'EMA': '5.0952'}
,{'EMA': '5.1037'}
,{'EMA': '5.1251'}
,{'EMA': '5.1756'}
,{'EMA': '5.2115'}
,{'EMA': '5.2169'}
,{'EMA': '5.2089'}
,{'EMA': '5.1640'}
,{'EMA': '5.1178'}
,{'EMA': '5.0759'}
,{'EMA': '5.0286'}
,{'EMA': '4.9764'}
,{'EMA': '4.9039'}
,{'EMA': '4.8406'}
,{'EMA': '4.7668'}
,{'EMA': '4.7175'}
,{'EMA': '4.6753'}
,{'EMA': '4.6489'}
,{'EMA': '4.6870'}
,{'EMA': '4.7177'}
,{'EMA': '4.7043'}
,{'EMA': '4.6247'}
,{'EMA': '4.5899'}
,{'EMA': '4.5214'}
,{'EMA': '4.4381'}
,{'EMA': '4.3733'}
,{'EMA': '4.3148'}
,{'EMA': '4.2656'}
,{'EMA': '4.2242'}
,{'EMA': '4.1526'}
,{'EMA': '4.0845'}
,{'EMA': '4.0520'}
,{'EMA': '4.0556'}
,{'EMA': '4.0095'}
,{'EMA': '3.9708'}
,{'EMA': '3.9108'}
,{'EMA': '3.8455'}
,{'EMA': '3.7905'}
,{'EMA': '3.6997'}
,{'EMA': '3.6237'}
,{'EMA': '3.5511'}
,{'EMA': '3.4981'}
,{'EMA': '3.4454'}
,{'EMA': '3.4170'}
,{'EMA': '3.3290'}
,{'EMA': '3.2219'}
,{'EMA': '3.1193'}
,{'EMA': '3.0308'}
,{'EMA': '2.9949'}
,{'EMA': '2.9625'}
,{'EMA': '2.8920'}
,{'EMA': '2.8410'}
,{'EMA': '2.7642'}
,{'EMA': '2.6901'}
,{'EMA': '2.6075'}
,{'EMA': '2.5802'}
,{'EMA': '2.4621'}
,{'EMA': '2.4226'}
,{'EMA': '2.3413'}
,{'EMA': '2.3159'}
,{'EMA': '2.3025'}
,{'EMA': '2.2492'}
,{'EMA': '2.2003'}
,{'EMA': '2.1994'}
,{'EMA': '2.1746'}
,{'EMA': '2.1686'}
,{'EMA': '2.2085'}
,{'EMA': '2.2472'}
,{'EMA': '2.2786'}
,{'EMA': '2.2988'}
,{'EMA': '2.2546'}
,{'EMA': '2.2495'}
,{'EMA': '2.2448'}
,{'EMA': '2.2206'}
,{'EMA': '2.2212'}
,{'EMA': '2.2388'}
,{'EMA': '2.2693'}
,{'EMA': '2.2934'}
,{'EMA': '2.3406'}
,{'EMA': '2.3951'}
,{'EMA': '2.4571'}
,{'EMA': '2.5477'}
,{'EMA': '2.6464'}
,{'EMA': '2.7004'}
,{'EMA': '2.7381'}
,{'EMA': '2.8699'}
,{'EMA': '3.0003'}
,{'EMA': '3.1475'}
,{'EMA': '3.2907'}
,{'EMA': '3.4171'}
,{'EMA': '3.4561'}
,{'EMA': '3.5487'}
,{'EMA': '3.5662'}
,{'EMA': '3.5536'}
,{'EMA': '3.5594'}
,{'EMA': '3.5361'}
,{'EMA': '3.5369'}
,{'EMA': '3.5500'}
,{'EMA': '3.6106'}
,{'EMA': '3.6806'}
,{'EMA': '3.7708'}
,{'EMA': '3.7772'}
,{'EMA': '3.7980'}
,{'EMA': '3.7803'}
,{'EMA': '3.7185'}
,{'EMA': '3.6473'}
,{'EMA': '3.5490'}
,{'EMA': '3.5199'}
,{'EMA': '3.4378'}
,{'EMA': '3.3916'}
,{'EMA': '3.3013'}
,{'EMA': '3.2288'}
,{'EMA': '3.1421'}
,{'EMA': '3.1784'}
,{'EMA': '3.1794'}
,{'EMA': '3.2153'}
,{'EMA': '3.2807'}
,{'EMA': '3.3944'}
,{'EMA': '3.4779'}
,{'EMA': '3.5256'}
,{'EMA': '3.5296'}
,{'EMA': '3.5280'}
,{'EMA': '3.5270'}
,{'EMA': '3.5078'}
,{'EMA': '3.5632'}
,{'EMA': '3.6835'}
,{'EMA': '3.7447'}
,{'EMA': '3.7953'}
,{'EMA': '3.7818'}
,{'EMA': '3.7595'}
,{'EMA': '3.8020'}
,{'EMA': '3.8045'}
,{'EMA': '3.8538'}
,{'EMA': '3.9671'}
,{'EMA': '4.0622'}
,{'EMA': '4.1747'}
,{'EMA': '4.1728'}
,{'EMA': '4.1692'}
,{'EMA': '4.1790'}
,{'EMA': '4.1397'}
,{'EMA': '4.0795'}
,{'EMA': '4.0782'}
,{'EMA': '4.1075'}
,{'EMA': '4.1386'}
,{'EMA': '4.1592'}
,{'EMA': '4.1807'}
,{'EMA': '4.2281'}
,{'EMA': '4.2935'}
,{'EMA': '4.3159'}
,{'EMA': '4.3686'}
,{'EMA': '4.3938'}
,{'EMA': '4.3629'}
,{'EMA': '4.3593'}
,{'EMA': '4.3321'}
,{'EMA': '4.3475'}
,{'EMA': '4.3589'}
,{'EMA': '4.3352'}
,{'EMA': '4.3625'}
,{'EMA': '4.4054'}
,{'EMA': '4.4492'}
,{'EMA': '4.4990'}
,{'EMA': '4.5245'}
,{'EMA': '4.5237'}
,{'EMA': '4.5317'}
,{'EMA': '4.5198'}
,{'EMA': '4.4955'}
,{'EMA': '4.5185'}
,{'EMA': '4.5990'}
,{'EMA': '4.6414'}
,{'EMA': '4.6955'}
,{'EMA': '4.7314'}
,{'EMA': '4.8226'}
,{'EMA': '4.8113'}
,{'EMA': '4.7619'}
,{'EMA': '4.7092'}
,{'EMA': '4.6494'}
,{'EMA': '4.6062'}
,{'EMA': '4.5720'}
,{'EMA': '4.5075'}
,{'EMA': '4.4880'}
,{'EMA': '4.4467'}
,{'EMA': '4.4309'}
,{'EMA': '4.3890'}
,{'EMA': '4.3276'}
,{'EMA': '4.3027'}
,{'EMA': '4.2534'}
,{'EMA': '4.1641'}
,{'EMA': '4.0831'}
,{'EMA': '4.0310'}
,{'EMA': '3.9600'}
,{'EMA': '3.9046'}
,{'EMA': '3.7876'}
,{'EMA': '3.7284'}
,{'EMA': '3.6646'}
,{'EMA': '3.6184'}
,{'EMA': '3.5367'}
,{'EMA': '3.5013'}
,{'EMA': '3.4328'}
,{'EMA': '3.3864'}
,{'EMA': '3.3138'}
,{'EMA': '3.2667'}
,{'EMA': '3.2213'}
,{'EMA': '3.1595'}
,{'EMA': '3.1438'}
,{'EMA': '3.1172'}
,{'EMA': '3.0776'}
,{'EMA': '3.0451'}
,{'EMA': '3.0547'}
,{'EMA': '3.0719'}
,{'EMA': '3.1205'}
,{'EMA': '3.1487'}
,{'EMA': '3.1790'}
,{'EMA': '3.2218'}
,{'EMA': '3.2321'}
,{'EMA': '3.1899'}
,{'EMA': '3.1687'}
,{'EMA': '3.1248'}
,{'EMA': '3.0811'}
,{'EMA': '3.0645'}
,{'EMA': '3.0201'}
,{'EMA': '3.0239'}
,{'EMA': '3.0271'}
,{'EMA': '3.0501'}
,{'EMA': '3.0657'}
,{'EMA': '3.0876'}
,{'EMA': '3.1224'}
,{'EMA': '3.1401'}
,{'EMA': '3.1440'}
,{'EMA': '3.1557'}
,{'EMA': '3.1860'}
,{'EMA': '3.2176'}
,{'EMA': '3.1808'}
,{'EMA': '3.1383'}
,{'EMA': '3.0841'}
,{'EMA': '3.0322'}
,{'EMA': '3.0028'}
,{'EMA': '2.9912'}
,{'EMA': '2.9720'}
,{'EMA': '2.9475'}
,{'EMA': '2.9320'}
,{'EMA': '2.9427'}
,{'EMA': '2.9680'}
,{'EMA': '2.9875'}
,{'EMA': '2.9978'}
,{'EMA': '2.9956'}
,{'EMA': '2.9800'}
,{'EMA': '2.9805'}
,{'EMA': '2.9732'}
,{'EMA': '2.9526'}
,{'EMA': '2.9505'}
,{'EMA': '2.9632'}
,{'EMA': '2.9717'}
,{'EMA': '2.9763'}
,{'EMA': '2.9804'}
,{'EMA': '2.9890'}
,{'EMA': '2.9886'}
,{'EMA': '3.0012'}
,{'EMA': '2.9499'}
,{'EMA': '2.9058'}
,{'EMA': '2.8721'}
,{'EMA': '2.8154'}
,{'EMA': '2.7856'}
,{'EMA': '2.7542'}
,{'EMA': '2.7139'}
,{'EMA': '2.7101'}
,{'EMA': '2.7521'}
,{'EMA': '2.7844'}
,{'EMA': '2.8573'}
,{'EMA': '2.8988'}
,{'EMA': '2.9917'}
,{'EMA': '3.0313'}
,{'EMA': '3.0287'}
,{'EMA': '3.0053'}
,{'EMA': '2.9721'}
,{'EMA': '2.9458'}
,{'EMA': '2.8945'}
,{'EMA': '2.8265'}
,{'EMA': '2.7793'}
,{'EMA': '2.7155'}
,{'EMA': '2.6908'}
,{'EMA': '2.6915'}
,{'EMA': '2.7311'}
,{'EMA': '2.7482'}
,{'EMA': '2.7597'}
,{'EMA': '2.7349'}
,{'EMA': '2.7086'}
,{'EMA': '2.6716'}
,{'EMA': '2.6481'}
,{'EMA': '2.5968'}
,{'EMA': '2.5537'}
,{'EMA': '2.5212'}
,{'EMA': '2.4729'}
,{'EMA': '2.4266'}
,{'EMA': '2.3514'}
,{'EMA': '2.2601'}
,{'EMA': '2.2087'}
,{'EMA': '2.1889'}
,{'EMA': '2.1318'}
,{'EMA': '2.0987'}
,{'EMA': '2.0485'}
,{'EMA': '1.9941'}
,{'EMA': '1.9386'}
,{'EMA': '1.9096'}
,{'EMA': '1.8781'}
,{'EMA': '1.8811'}
,{'EMA': '1.8714'}
,{'EMA': '1.8254'}
,{'EMA': '1.8242'}
,{'EMA': '1.7967'}
,{'EMA': '1.7900'}
,{'EMA': '1.7544'}
,{'EMA': '1.7093'}
,{'EMA': '1.6837'}
,{'EMA': '1.6768'}
,{'EMA': '1.6731'}
,{'EMA': '1.6656'}
,{'EMA': '1.6573'}
,{'EMA': '1.7133'}
,{'EMA': '1.7178'}
,{'EMA': '1.7296'}
,{'EMA': '1.7169'}
,{'EMA': '1.7137'}
,{'EMA': '1.7222'}
,{'EMA': '1.7252'}
,{'EMA': '1.7245'}
,{'EMA': '1.7360'}
,{'EMA': '1.7704'}
,{'EMA': '1.7932'}
,{'EMA': '1.8031'}
,{'EMA': '1.8286'}
,{'EMA': '1.8316'}
,{'EMA': '1.8307'}
,{'EMA': '1.8376'}
,{'EMA': '1.8166'}
,{'EMA': '1.8096'}
,{'EMA': '1.7559'}
,{'EMA': '1.6917'}
,{'EMA': '1.6654'}
,{'EMA': '1.6506'}
,{'EMA': '1.6124'}
,{'EMA': '1.6035'}
,{'EMA': '1.5718'}
,{'EMA': '1.5641'}
,{'EMA': '1.5453'}
,{'EMA': '1.4927'}
,{'EMA': '1.4344'}
,{'EMA': '1.3984'}
,{'EMA': '1.3463'}
,{'EMA': '1.2868'}
,{'EMA': '1.2411'}
,{'EMA': '1.2086'}
,{'EMA': '1.1686'}
,{'EMA': '1.1362'}
,{'EMA': '1.0909'}
,{'EMA': '1.0764'}
,{'EMA': '1.0698'}
,{'EMA': '1.0730'}
,{'EMA': '1.0768'}
,{'EMA': '1.0725'}
,{'EMA': '1.0646'}
,{'EMA': '1.0583'}
,{'EMA': '1.0183'}
,{'EMA': '0.9998'}
,{'EMA': '0.9805'}
,{'EMA': '0.9724'}
,{'EMA': '0.9626'}
,{'EMA': '0.9454'}
,{'EMA': '0.9529'}
,{'EMA': '0.9820'}
,{'EMA': '1.0123'}
,{'EMA': '1.0498'}
,{'EMA': '1.0922'}
,{'EMA': '1.1462'}
,{'EMA': '1.2056'}
,{'EMA': '1.2878'}
,{'EMA': '1.2862'}
,{'EMA': '1.2944'}
,{'EMA': '1.2811'}
,{'EMA': '1.3028'}
,{'EMA': '1.3405'}
,{'EMA': '1.3585'}
,{'EMA': '1.3726'}
,{'EMA': '1.3839'}
,{'EMA': '1.3818'}
,{'EMA': '1.3926'}
,{'EMA': '1.4233'}
,{'EMA': '1.4316'}
,{'EMA': '1.4439'}
,{'EMA': '1.4519'}
,{'EMA': '1.4508'}
,{'EMA': '1.4428'}
,{'EMA': '1.4532'}
,{'EMA': '1.4660'}
,{'EMA': '1.4146'}
,{'EMA': '1.3490'}
,{'EMA': '1.3205'}
,{'EMA': '1.2778'}
,{'EMA': '1.2380'}
,{'EMA': '1.1991'}
,{'EMA': '1.1423'}
,{'EMA': '1.1081'}
,{'EMA': '1.1183'}
,{'EMA': '1.1245'}
,{'EMA': '1.1180'}
,{'EMA': '1.1104'}
,{'EMA': '1.1019'}
,{'EMA': '1.0958'}
,{'EMA': '1.0880'}
,{'EMA': '1.0870'}
,{'EMA': '1.0948'}
,{'EMA': '1.1002'}
,{'EMA': '1.1203'}
,{'EMA': '1.1497'}
,{'EMA': '1.1539'}
,{'EMA': '1.1662'}
,{'EMA': '1.1986'}
,{'EMA': '1.2298'}
,{'EMA': '1.2427'}
,{'EMA': '1.2574'}
,{'EMA': '1.2810'}
,{'EMA': '1.2874'}
,{'EMA': '1.2774'}
,{'EMA': '1.2902'}
,{'EMA': '1.2954'}
,{'EMA': '1.3091'}
,{'EMA': '1.2933'}
,{'EMA': '1.2717'}
,{'EMA': '1.2624'}
,{'EMA': '1.2541'}
,{'EMA': '1.2446'}
,{'EMA': '1.2281'}
,{'EMA': '1.1881'}
,{'EMA': '1.1993'}
,{'EMA': '1.2117'}
,{'EMA': '1.2255'}
,{'EMA': '1.2392'}
,{'EMA': '1.2415'}
,{'EMA': '1.2396'}
,{'EMA': '1.2371'}
,{'EMA': '1.2266'}
,{'EMA': '1.1925'}
,{'EMA': '1.1841'}
,{'EMA': '1.1598'}
,{'EMA': '1.1270'}
,{'EMA': '1.0811'}
,{'EMA': '1.0561'}
,{'EMA': '1.0033'}
,{'EMA': '0.9726'}
,{'EMA': '0.9646'}
,{'EMA': '0.9635'}
,{'EMA': '0.9440'}
,{'EMA': '0.9220'}
,{'EMA': '0.9355'}
,{'EMA': '0.9737'}
,{'EMA': '1.0368'}
,{'EMA': '1.1099'}
,{'EMA': '1.1615'}
,{'EMA': '1.2104'}
,{'EMA': '1.2447'}
,{'EMA': '1.2640'}
,{'EMA': '1.2886'}
,{'EMA': '1.2906'}
,{'EMA': '1.2899'}
,{'EMA': '1.2976'}
,{'EMA': '1.3307'}
,{'EMA': '1.3378'}
,{'EMA': '1.3768'}
,{'EMA': '1.3968'}
,{'EMA': '1.4241'}
,{'EMA': '1.4522'}
,{'EMA': '1.4483'}
,{'EMA': '1.4658'}
,{'EMA': '1.4547'}
,{'EMA': '1.4348'}
,{'EMA': '1.4403'}
,{'EMA': '1.4343'}
,{'EMA': '1.4477'}
,{'EMA': '1.4960'}
,{'EMA': '1.5946'}
,{'EMA': '1.6805'}
,{'EMA': '1.7571'}
,{'EMA': '1.8391'}
,{'EMA': '1.9435'}
,{'EMA': '2.0952'}
,{'EMA': '2.2123'}
,{'EMA': '2.2560'}
,{'EMA': '2.2772'}
,{'EMA': '2.2901'}
,{'EMA': '2.2880'}
,{'EMA': '2.2653'}
,{'EMA': '2.2188'}
,{'EMA': '2.2563'}
,{'EMA': '2.3352'}
,{'EMA': '2.4423'}
,{'EMA': '2.5687'}
,{'EMA': '2.5807'}
,{'EMA': '2.5998'}
,{'EMA': '2.6276'}
,{'EMA': '2.6067'}
,{'EMA': '2.6392'}
,{'EMA': '2.6847'}
,{'EMA': '2.6640'}
,{'EMA': '2.6857'}
,{'EMA': '2.7206'}
,{'EMA': '2.7978'}
,{'EMA': '2.8988'}
,{'EMA': '2.9605'}
,{'EMA': '3.0257'}
,{'EMA': '3.0706'}
,{'EMA': '3.0690'}
,{'EMA': '3.0376'}
,{'EMA': '3.0176'}
,{'EMA': '3.0401'}
,{'EMA': '3.1462'}
,{'EMA': '3.3362'}
,{'EMA': '3.4988'}
,{'EMA': '3.6478'}
,{'EMA': '3.7339'}
,{'EMA': '3.7497'}
,{'EMA': '3.7699'}
,{'EMA': '3.8138'}
,{'EMA': '3.8661'}
,{'EMA': '3.8626'}
,{'EMA': '3.8404'}
,{'EMA': '4.0238'}
,{'EMA': '4.1970'}
,{'EMA': '4.3121'}
,{'EMA': '4.4296'}
,{'EMA': '4.4673'}
,{'EMA': '4.6912'}
,{'EMA': '5.0542'}
,{'EMA': '4.9259'}
,{'EMA': '5.2123'}
,{'EMA': '5.1772'}
,{'EMA': '4.9961'}
,{'EMA': '4.6984'}
,{'EMA': '4.2451'}
,{'EMA': '4.0040'}
,{'EMA': '3.6332'}
,{'EMA': '3.0539'}
,{'EMA': '2.8776'}
,{'EMA': '2.7684'}
,{'EMA': '2.6975'}
,{'EMA': '2.6690'}
